<?xml version="1.0" encoding="UTF-8"?>
<!DOCTYPE suppressions PUBLIC "-//Puppy Crawl//DTD Suppressions 1.1//EN" "http://www.puppycrawl.com/dtds/suppressions_1_1.dtd">

<suppressions>
    <suppress checks="JavadocStyleCheck" files="(.*Tests*|Mock.*|Test.*)\.java"/>
    <suppress checks="JavadocMethod" files="(.*Configuration|.*Tests*|Mock.*|Test.*)\.java"/>
    <suppress checks="JavadocType" files="(.*Tests*|Mock.*|Test.*|.*Properties)\.java"/>
    <suppress checks="JavadocVariable" files="(.*Tests*|Mock.*|Test.*)\.java"/>
    <suppress checks="MagicNumber" files="(.*Tests*|Mock.*|Test.*)\.java"/>
    <suppress checks="DesignForExtension" files="(.*Tests*|Mock.*|Test.*)\.java"/>
    <suppress checks="InterfaceIsType"  files=".*Constants\.java"/>
    <suppress id="stackTraceConsoleLogs" files="(.*Tests*|Mock.*|Test.*)\.java" />
    <suppress id="sysOutConsoleLogs" files="\.xml" />
    <suppress id="namedAnnotations" files="(Base.*|Abstract.*|Root.*)\.java" />
    <suppress checks="\w+" files="(\.(crt|crl|class|keystore))|rebel.xml"/>
    <suppress id="finalNonUtilClass" files="(.*(Utils|Constants|Facade|Support|Beans))\.java" />
    <suppress checks="." files="com[\\/]duosecurity[\\/]duoweb[\\/]"/>
</suppressions>
